ID,score
1,6.0
2,3.0
3,3.0
4,7.0
5,2.0
6,4.0
7,5.0
8,2.0
9,2.0
10,3.0
11,5.0
12,3.0
13,3.0
14,8.0
15,7.0
16,3.0
17,6.0
18,5.0
19,1.0
20,3.0
21,6.0
22,3.0
23,6.0
24,3.0
25,6.0
26,6.0
27,3.0
28,7.0
29,6.0
30,5.0
31,7.0
32,7.0
33,5.0
34,2.0
35,5.0
36,4.0
37,4.0
38,3.0
39,9.0
40,5.0
41,5.0
42,6.0
43,5.0
44,5.0
45,8.0
46,4.0
47,3.0
48,5.0
49,2.0
50,3.0
51,9.0
52,2.0
53,4.0
54,4.0
55,4.0
56,4.0
57,5.0
58,8.0
59,1.0
60,4.0
61,6.0
62,2.0
63,2.0
64,3.0
65,2.0
66,2.0
67,5.0
68,5.0
69,4.0
70,1.0
71,6.0
72,1.0
73,5.0
74,4.0
75,4.0
76,8.0
77,6.0
78,5.0
79,7.0
80,2.0
81,5.0
82,5.0
83,5.0
84,6.0
85,5.0
86,4.0
87,5.0
88,5.0
89,2.0
90,4.0
91,6.0
92,9.0
93,2.0
94,5.0
95,5.0
96,5.0
97,6.0
98,9.0
99,2.0
100,10.0
101,5.0
102,2.0
103,5.0
104,5.0
105,3.0
106,4.0
107,8.0
108,4.0
109,7.0
110,4.0
111,3.0
112,3.0
113,3.0
114,7.0
115,2.0
116,5.0
117,5.0
118,8.0
119,4.0
120,4.0
121,5.0
122,4.0
123,3.0
124,5.0
125,5.0
126,4.0
127,4.0
128,4.0
129,3.0
130,4.0
131,5.0
132,4.0
133,8.0
134,3.0
135,7.0
136,3.0
137,4.0
138,8.0
139,6.0
140,6.0
141,2.0
142,4.0
143,8.0
144,2.0
145,2.0
146,4.0
147,8.0
148,5.0
149,5.0
150,5.0
151,3.0
152,9.0
153,2.0
154,4.0
155,1.0
156,7.0
157,6.0
158,5.0
159,7.0
160,1.0
161,4.0
162,3.0
163,4.0
164,5.0
165,7.0
166,4.0
167,2.0
168,5.0
169,8.0
170,3.0
171,6.0
172,8.0
173,8.0
174,6.0
175,5.0
176,3.0
177,2.0
178,8.0
179,1.0
180,9.0
181,3.0
182,3.0
183,5.0
184,4.0
185,6.0
186,7.0
187,6.0
188,2.0
189,4.0
190,3.0
191,3.0
192,2.0
193,1.0
194,5.0
195,4.0
196,3.0
197,7.0
198,5.0
199,8.0
200,6.0
201,3.0
202,5.0
203,2.0
204,4.0
205,4.0
206,4.0
207,4.0
208,3.0
209,8.0
210,7.0
211,4.0
212,5.0
213,2.0
214,5.0
215,1.0
216,6.0
217,4.0
218,3.0
219,5.0
220,4.0
221,3.0
222,3.0
223,3.0
224,3.0
225,7.0
226,5.0
227,4.0
228,8.0
229,5.0
230,4.0
231,5.0
232,5.0
233,3.0
234,2.0
235,5.0
236,4.0
237,2.0
238,8.0
239,3.0
240,8.0
241,3.0
242,8.0
243,4.0
244,5.0
245,3.0
246,2.0
247,6.0
248,7.0
249,7.0
250,3.0
251,5.0
252,4.0
253,8.0
254,5.0
255,1.0
256,4.0
257,7.0
258,4.0
259,3.0
260,4.0
261,6.0
262,3.0
263,6.0
264,5.0
265,4.0
266,4.0
267,3.0
268,3.0
269,7.0
270,6.0
271,4.0
272,3.0
273,1.0
274,3.0
275,5.0
276,4.0
277,3.0
278,3.0
279,3.0
280,5.0
281,9.0
282,5.0
283,5.0
284,6.0
285,3.0
286,4.0
287,4.0
288,4.0
289,5.0
290,4.0
291,4.0
292,2.0
293,5.0
294,5.0
295,8.0
296,6.0
297,3.0
298,4.0
299,4.0
300,3.0
301,5.0
302,7.0
303,3.0
304,5.0
305,5.0
306,7.0
307,5.0
308,3.0
309,4.0
310,4.0
311,1.0
312,2.0
313,6.0
314,2.0
315,3.0
316,4.0
317,1.0
318,4.0
319,7.0
320,2.0
321,3.0
322,4.0
323,2.0
324,3.0
325,6.0
326,5.0
327,3.0
328,6.0
329,5.0
330,8.0
331,2.0
332,7.0
333,2.0
334,3.0
335,7.0
336,2.0
337,4.0
338,3.0
339,7.0
340,2.0
341,4.0
342,4.0
343,4.0
344,9.0
345,3.0
346,8.0
347,4.0
348,3.0
349,5.0
350,4.0
351,1.0
352,2.0
353,3.0
354,8.0
355,7.0
356,1.0
357,5.0
358,4.0
359,6.0
360,8.0
361,1.0
362,6.0
363,4.0
364,3.0
365,3.0
366,8.0
367,4.0
368,7.0
369,6.0
370,7.0
371,6.0
372,4.0
373,9.0
374,5.0
375,3.0
376,3.0
377,4.0
378,5.0
379,3.0
380,6.0
381,7.0
382,9.0
383,4.0
384,6.0
385,3.0
386,6.0
387,10.0
388,5.0
389,2.0
390,4.0
391,2.0
392,3.0
393,4.0
394,6.0
395,2.0
396,4.0
397,5.0
398,3.0
399,7.0
400,5.0
401,4.0
402,9.0
403,5.0
404,7.0
405,7.0
406,4.0
407,8.0
408,3.0
409,2.0
410,5.0
411,2.0
412,3.0
413,3.0
414,4.0
415,2.0
416,7.0
417,7.0
418,2.0
419,9.0
420,7.0
421,4.0
422,2.0
423,7.0
424,5.0
425,5.0
426,7.0
427,2.0
428,0.0
429,2.0
430,3.0
431,7.0
432,6.0
433,3.0
434,6.0
435,5.0
436,2.0
437,3.0
438,9.0
439,6.0
440,2.0
441,7.0
442,2.0
443,7.0
444,2.0
445,4.0
446,2.0
447,8.0
448,5.0
449,5.0
450,3.0
451,10.0
452,2.0
453,10.0
454,5.0
455,1.0
456,7.0
457,5.0
458,4.0
459,5.0
460,6.0
461,5.0
462,2.0
463,5.0
464,5.0
465,2.0
466,6.0
467,8.0
468,6.0
469,7.0
470,5.0
471,6.0
472,7.0
473,4.0
474,4.0
475,2.0
476,2.0
477,1.0
478,6.0
479,3.0
480,2.0
481,4.0
482,3.0
483,4.0
484,7.0
485,4.0
486,4.0
487,4.0
488,6.0
489,6.0
490,5.0
491,5.0
492,5.0
493,4.0
494,3.0
495,2.0
496,6.0
497,5.0
498,3.0
499,4.0
500,2.0
501,3.0
502,4.0
503,3.0
504,4.0
505,6.0
506,8.0
507,3.0
508,5.0
509,5.0
510,5.0
511,5.0
512,5.0
513,5.0
514,2.0
515,7.0
516,4.0
517,7.0
518,4.0
519,5.0
520,8.0
521,9.0
522,5.0
523,5.0
524,7.0
525,4.0
526,8.0
527,2.0
528,3.0
529,6.0
530,3.0
531,4.0
532,5.0
533,3.0
534,2.0
535,4.0
536,5.0
537,2.0
538,3.0
539,5.0
540,5.0
541,3.0
542,7.0
543,2.0
544,1.0
545,4.0
546,1.0
547,5.0
548,2.0
549,5.0
550,3.0
551,9.0
552,5.0
553,5.0
554,3.0
555,1.0
556,2.0
557,6.0
558,2.0
559,8.0
560,5.0
561,2.0
562,3.0
563,7.0
564,4.0
565,8.0
566,4.0
567,4.0
568,4.0
569,6.0
570,7.0
571,3.0
572,5.0
573,3.0
574,7.0
575,1.0
576,1.0
577,3.0
578,4.0
579,2.0
580,3.0
581,7.0
582,7.0
583,9.0
584,2.0
585,4.0
586,5.0
587,5.0
588,4.0
589,6.0
590,4.0
591,6.0
592,4.0
593,7.0
594,6.0
595,5.0
596,3.0
597,6.0
598,3.0
599,6.0
600,8.0
601,9.0
602,2.0
603,3.0
604,1.0
605,2.0
606,3.0
607,5.0
608,6.0
609,1.0
610,5.0
611,8.0
612,2.0
613,5.0
614,5.0
615,3.0
616,1.0
617,2.0
618,3.0
619,6.0
620,1.0
621,3.0
622,2.0
623,8.0
624,7.0
625,5.0
626,8.0
627,3.0
628,2.0
629,7.0
630,5.0
631,1.0
632,5.0
633,2.0
634,6.0
635,5.0
636,8.0
637,4.0
638,5.0
639,1.0
640,3.0
641,5.0
642,4.0
643,5.0
644,3.0
645,5.0
646,3.0
647,4.0
648,6.0
649,2.0
650,5.0
651,5.0
652,3.0
653,3.0
654,7.0
655,7.0
656,9.0
657,4.0
658,8.0
659,7.0
660,4.0
661,3.0
662,7.0
663,2.0
664,2.0
665,5.0
666,4.0
667,5.0
668,5.0
669,3.0
670,5.0
671,7.0
672,5.0
673,4.0
674,6.0
675,4.0
676,5.0
677,5.0
678,6.0
679,5.0
680,4.0
681,7.0
682,2.0
683,5.0
684,2.0
685,5.0
686,5.0
687,5.0
688,2.0
689,1.0
690,8.0
691,7.0
692,5.0
693,4.0
694,9.0
695,9.0
696,1.0
697,3.0
698,5.0
699,9.0
700,7.0
701,4.0
702,5.0
703,2.0
704,6.0
705,5.0
706,4.0
707,3.0
708,5.0
709,2.0
710,4.0
711,4.0
712,4.0
713,7.0
714,8.0
715,5.0
716,6.0
717,1.0
718,2.0
719,4.0
720,8.0
721,8.0
722,6.0
723,1.0
724,4.0
725,2.0
726,5.0
727,8.0
728,6.0
729,3.0
730,2.0
731,5.0
732,6.0
733,4.0
734,3.0
735,8.0
736,4.0
737,4.0
738,4.0
739,4.0
740,4.0
741,3.0
742,1.0
743,5.0
744,7.0
745,5.0
746,9.0
747,9.0
748,5.0
749,4.0
750,5.0
751,4.0
752,6.0
753,8.0
754,3.0
755,5.0
756,5.0
757,2.0
758,2.0
759,7.0
760,2.0
761,2.0
762,9.0
763,2.0
764,6.0
765,4.0
766,5.0
767,8.0
768,3.0
769,7.0
770,3.0
771,4.0
772,2.0
773,5.0
774,7.0
775,3.0
776,3.0
777,4.0
778,5.0
779,8.0
780,4.0
781,8.0
782,8.0
783,7.0
784,4.0
785,2.0
786,5.0
787,3.0
788,6.0
789,4.0
790,5.0
791,6.0
792,4.0
793,6.0
794,4.0
795,4.0
796,2.0
797,5.0
798,5.0
799,4.0
800,7.0
801,7.0
802,2.0
803,3.0
804,5.0
805,5.0
806,3.0
807,2.0
808,4.0
809,5.0
810,7.0
811,4.0
812,4.0
813,3.0
814,4.0
815,5.0
816,4.0
817,1.0
818,4.0
819,6.0
820,4.0
821,1.0
822,4.0
823,3.0
824,6.0
825,4.0
826,1.0
827,5.0
828,4.0
829,3.0
830,5.0
831,4.0
832,4.0
833,4.0
834,5.0
835,2.0
836,4.0
837,5.0
838,2.0
839,2.0
840,5.0
841,5.0
842,4.0
843,6.0
844,2.0
845,2.0
846,1.0
847,1.0
848,4.0
849,6.0
850,6.0
851,6.0
852,3.0
853,6.0
854,4.0
855,5.0
856,5.0
857,2.0
858,5.0
859,6.0
860,5.0
861,3.0
862,2.0
863,3.0
864,2.0
865,7.0
866,2.0
867,2.0
868,0.0
869,2.0
870,3.0
871,4.0
872,8.0
873,3.0
874,7.0
875,2.0
876,4.0
877,-0.0
878,6.0
879,2.0
880,4.0
881,0.0
882,2.0
883,6.0
884,3.0
885,3.0
886,5.0
887,5.0
888,2.0
889,4.0
890,4.0
891,5.0
892,3.0
893,3.0
894,2.0
895,8.0
896,2.0
897,6.0
898,5.0
899,4.0
900,5.0
901,6.0
902,8.0
903,2.0
904,2.0
905,1.0
906,6.0
907,4.0
908,6.0
909,2.0
910,3.0
911,8.0
912,5.0
913,6.0
914,7.0
915,5.0
916,4.0
917,4.0
918,5.0
919,5.0
920,4.0
921,4.0
922,8.0
923,4.0
924,4.0
925,8.0
926,7.0
927,6.0
928,3.0
929,8.0
930,6.0
931,8.0
932,6.0
933,2.0
934,4.0
935,3.0
936,5.0
937,3.0
938,9.0
939,4.0
940,3.0
941,5.0
942,2.0
943,4.0
944,4.0
945,5.0
946,5.0
947,3.0
948,5.0
949,1.0
950,4.0
951,8.0
952,8.0
953,1.0
954,2.0
955,5.0
956,5.0
957,2.0
958,7.0
959,3.0
960,4.0
961,2.0
962,5.0
963,3.0
964,3.0
965,6.0
966,1.0
967,4.0
968,9.0
969,8.0
970,3.0
971,6.0
972,5.0
973,3.0
974,9.0
975,6.0
976,4.0
977,5.0
978,2.0
979,6.0
980,3.0
981,5.0
982,5.0
983,8.0
984,2.0
985,4.0
986,5.0
987,2.0
988,2.0
989,2.0
990,5.0
991,3.0
992,5.0
993,4.0
994,8.0
995,5.0
996,3.0
997,1.0
998,3.0
999,7.0
1000,5.0
1001,5.0
1002,3.0
1003,6.0
1004,5.0
1005,5.0
1006,2.0
1007,6.0
1008,5.0
1009,8.0
1010,6.0
1011,5.0
1012,4.0
1013,5.0
1014,2.0
1015,7.0
1016,2.0
1017,6.0
1018,2.0
1019,4.0
1020,8.0
1021,6.0
1022,4.0
1023,3.0
1024,4.0
1025,5.0
1026,7.0
1027,6.0
1028,5.0
1029,5.0
1030,8.0
1031,6.0
1032,5.0
1033,5.0
1034,8.0
1035,5.0
1036,4.0
1037,2.0
1038,5.0
1039,6.0
1040,3.0
1041,4.0
1042,3.0
1043,2.0
1044,4.0
1045,4.0
1046,4.0
1047,3.0
1048,2.0
1049,6.0
1050,4.0
1051,2.0
1052,3.0
1053,4.0
1054,2.0
1055,3.0
1056,7.0
1057,2.0
1058,6.0
1059,3.0
1060,5.0
1061,4.0
1062,8.0
1063,3.0
1064,1.0
1065,4.0
1066,2.0
1067,8.0
1068,8.0
1069,5.0
1070,7.0
1071,4.0
1072,9.0
1073,4.0
1074,6.0
1075,7.0
1076,5.0
1077,6.0
1078,7.0
1079,6.0
1080,4.0
1081,4.0
1082,3.0
1083,4.0
1084,6.0
1085,4.0
1086,5.0
1087,6.0
1088,2.0
1089,7.0
1090,6.0
1091,5.0
1092,5.0
1093,5.0
1094,6.0
1095,1.0
1096,8.0
1097,3.0
1098,0.0
1099,6.0
1100,4.0
1101,5.0
1102,1.0
1103,1.0
1104,4.0
1105,6.0
1106,4.0
1107,5.0
1108,4.0
1109,5.0
1110,4.0
1111,5.0
1112,7.0
1113,5.0
1114,4.0
1115,7.0
1116,2.0
1117,5.0
1118,5.0
1119,5.0
1120,9.0
1121,8.0
1122,1.0
1123,3.0
1124,8.0
1125,7.0
1126,5.0
1127,3.0
1128,3.0
1129,5.0
1130,1.0
1131,8.0
1132,4.0
1133,1.0
1134,7.0
1135,5.0
1136,6.0
1137,3.0
1138,5.0
1139,2.0
1140,9.0
1141,4.0
1142,5.0
1143,5.0
1144,3.0
1145,1.0
1146,1.0
1147,4.0
1148,5.0
1149,0.0
1150,4.0
1151,3.0
1152,3.0
1153,4.0
1154,5.0
1155,5.0
1156,1.0
1157,2.0
1158,2.0
1159,2.0
1160,3.0
1161,5.0
1162,2.0
1163,3.0
1164,3.0
1165,5.0
1166,5.0
1167,8.0
1168,8.0
1169,3.0
1170,4.0
1171,2.0
1172,3.0
1173,2.0
1174,5.0
1175,4.0
1176,4.0
1177,7.0
1178,5.0
1179,1.0
1180,7.0
1181,2.0
1182,4.0
1183,7.0
1184,5.0
1185,6.0
1186,2.0
1187,9.0
1188,6.0
1189,5.0
1190,5.0
1191,4.0
1192,3.0
1193,2.0
1194,4.0
1195,6.0
1196,4.0
1197,2.0
1198,5.0
1199,6.0
1200,2.0
1201,3.0
1202,2.0
1203,3.0
1204,9.0
1205,8.0
1206,3.0
1207,2.0
1208,1.0
1209,4.0
1210,2.0
1211,3.0
1212,9.0
1213,7.0
1214,2.0
1215,4.0
1216,8.0
1217,3.0
1218,3.0
1219,1.0
1220,6.0
1221,5.0
1222,5.0
1223,4.0
1224,1.0
1225,3.0
1226,3.0
1227,3.0
1228,4.0
1229,2.0
1230,2.0
1231,4.0
1232,6.0
1233,7.0
1234,8.0
1235,2.0
1236,5.0
1237,5.0
1238,8.0
1239,5.0
1240,7.0
1241,5.0
1242,6.0
1243,0.0
1244,6.0
1245,5.0
1246,3.0
1247,5.0
1248,9.0
1249,10.0
1250,7.0
1251,5.0
1252,8.0
1253,7.0
1254,3.0
1255,3.0
1256,5.0
1257,2.0
1258,7.0
1259,3.0
1260,4.0
1261,3.0
1262,7.0
1263,4.0
1264,4.0
1265,9.0
1266,3.0
1267,3.0
1268,5.0
1269,8.0
1270,5.0
1271,3.0
1272,5.0
1273,9.0
1274,6.0
1275,5.0
1276,4.0
1277,4.0
1278,6.0
1279,2.0
1280,2.0
1281,6.0
1282,4.0
1283,7.0
1284,9.0
1285,4.0
1286,8.0
1287,4.0
1288,3.0
1289,2.0
1290,3.0
1291,2.0
1292,5.0
1293,2.0
1294,1.0
1295,6.0
1296,3.0
1297,6.0
1298,6.0
1299,9.0
1300,5.0
1301,7.0
1302,5.0
1303,8.0
1304,6.0
1305,4.0
1306,1.0
1307,3.0
1308,4.0
1309,1.0
1310,6.0
1311,6.0
1312,3.0
1313,3.0
1314,9.0
1315,8.0
1316,6.0
1317,5.0
1318,3.0
1319,9.0
1320,3.0
1321,3.0
1322,4.0
1323,6.0
1324,2.0
1325,2.0
1326,6.0
1327,3.0
1328,6.0
1329,5.0
1330,5.0
1331,6.0
1332,3.0
1333,5.0
1334,3.0
1335,7.0
1336,5.0
1337,3.0
1338,2.0
1339,3.0
1340,3.0
1341,6.0
1342,5.0
1343,5.0
1344,2.0
1345,4.0
1346,3.0
1347,9.0
1348,3.0
1349,3.0
1350,3.0
1351,9.0
1352,4.0
1353,5.0
1354,7.0
1355,4.0
1356,3.0
1357,7.0
1358,3.0
1359,5.0
1360,1.0
1361,5.0
1362,3.0
1363,5.0
1364,6.0
1365,8.0
1366,7.0
1367,3.0
1368,9.0
1369,5.0
1370,4.0
1371,6.0
1372,4.0
1373,9.0
1374,5.0
1375,6.0
1376,4.0
1377,6.0
1378,3.0
1379,2.0
1380,6.0
1381,1.0
1382,4.0
1383,4.0
1384,2.0
1385,9.0
1386,3.0
1387,3.0
1388,3.0
1389,5.0
1390,3.0
1391,6.0
1392,6.0
1393,5.0
1394,5.0
1395,6.0
1396,4.0
1397,4.0
1398,8.0
1399,1.0
1400,4.0
1401,6.0
1402,5.0
1403,4.0
1404,5.0
1405,4.0
1406,5.0
1407,5.0
1408,8.0
1409,3.0
1410,4.0
1411,3.0
1412,4.0
1413,7.0
1414,5.0
1415,4.0
1416,6.0
1417,5.0
1418,4.0
1419,3.0
1420,4.0
1421,3.0
1422,8.0
1423,4.0
1424,6.0
1425,8.0
1426,9.0
1427,4.0
1428,5.0
1429,4.0
1430,4.0
1431,2.0
1432,5.0
1433,1.0
1434,8.0
1435,4.0
1436,2.0
1437,3.0
1438,8.0
1439,2.0
1440,2.0
1441,3.0
1442,5.0
1443,6.0
1444,6.0
1445,2.0
1446,3.0
1447,5.0
1448,2.0
1449,6.0
1450,3.0
1451,6.0
1452,3.0
1453,6.0
1454,7.0
1455,4.0
1456,2.0
1457,3.0
1458,5.0
1459,4.0
1460,5.0
1461,2.0
1462,2.0
1463,2.0
1464,8.0
1465,5.0
1466,4.0
1467,4.0
1468,5.0
1469,1.0
1470,1.0
1471,5.0
1472,1.0
1473,5.0
1474,1.0
1475,2.0
1476,4.0
1477,5.0
1478,4.0
1479,3.0
1480,9.0
1481,5.0
1482,4.0
1483,1.0
1484,5.0
1485,5.0
1486,6.0
1487,3.0
1488,4.0
1489,4.0
1490,4.0
1491,5.0
1492,4.0
1493,8.0
1494,5.0
1495,7.0
1496,6.0
1497,2.0
1498,4.0
1499,4.0
1500,5.0
1501,3.0
1502,5.0
1503,5.0
1504,7.0
1505,5.0
1506,4.0
1507,9.0
1508,2.0
1509,3.0
1510,4.0
1511,5.0
1512,3.0
1513,1.0
1514,2.0
1515,1.0
1516,1.0
1517,2.0
1518,6.0
1519,1.0
1520,8.0
1521,5.0
1522,10.0
1523,7.0
1524,4.0
1525,7.0
1526,3.0
1527,9.0
1528,8.0
1529,5.0
1530,4.0
1531,4.0
1532,1.0
1533,3.0
1534,4.0
1535,2.0
1536,8.0
1537,3.0
1538,7.0
1539,7.0
1540,3.0
1541,3.0
1542,5.0
1543,5.0
1544,2.0
1545,4.0
1546,6.0
1547,2.0
1548,7.0
1549,5.0
1550,5.0
1551,4.0
1552,7.0
1553,4.0
1554,4.0
1555,8.0
1556,4.0
1557,4.0
1558,1.0
1559,4.0
1560,1.0
1561,1.0
1562,4.0
1563,3.0
1564,4.0
1565,4.0
1566,2.0
1567,1.0
1568,3.0
1569,7.0
1570,4.0
1571,8.0
1572,3.0
1573,3.0
1574,3.0
1575,5.0
1576,6.0
1577,6.0
1578,2.0
1579,3.0
1580,4.0
1581,3.0
1582,5.0
1583,5.0
1584,4.0
1585,4.0
1586,5.0
1587,5.0
1588,5.0
1589,5.0
1590,5.0
1591,4.0
1592,1.0
1593,3.0
1594,8.0
1595,4.0
1596,7.0
1597,3.0
1598,4.0
1599,6.0
1600,4.0
1601,5.0
1602,4.0
1603,4.0
1604,6.0
1605,9.0
1606,6.0
1607,4.0
1608,8.0
1609,5.0
1610,5.0
1611,4.0
1612,5.0
1613,9.0
1614,5.0
1615,5.0
1616,5.0
1617,5.0
1618,4.0
1619,1.0
1620,3.0
1621,5.0
1622,5.0
1623,1.0
1624,3.0
1625,6.0
1626,8.0
1627,5.0
1628,2.0
1629,4.0
1630,8.0
1631,5.0
1632,2.0
1633,6.0
1634,3.0
1635,3.0
1636,2.0
1637,3.0
1638,1.0
1639,3.0
1640,5.0
1641,5.0
1642,7.0
1643,3.0
1644,5.0
1645,4.0
1646,5.0
1647,1.0
1648,5.0
1649,8.0
1650,4.0
1651,3.0
1652,7.0
1653,1.0
1654,7.0
1655,4.0
1656,8.0
1657,2.0
1658,4.0
1659,4.0
1660,2.0
1661,3.0
1662,3.0
1663,5.0
1664,8.0
1665,10.0
1666,5.0
1667,2.0
1668,3.0
1669,2.0
1670,5.0
1671,5.0
1672,5.0
1673,3.0
1674,4.0
1675,3.0
1676,5.0
1677,6.0
1678,9.0
1679,5.0
1680,7.0
1681,9.0
1682,7.0
1683,3.0
1684,2.0
1685,3.0
1686,7.0
1687,3.0
1688,2.0
1689,2.0
1690,7.0
1691,6.0
1692,9.0
1693,3.0
1694,5.0
1695,2.0
1696,5.0
1697,3.0
1698,7.0
1699,5.0
1700,4.0
1701,5.0
1702,4.0
1703,4.0
1704,4.0
1705,4.0
1706,3.0
1707,7.0
1708,4.0
1709,4.0
1710,6.0
1711,4.0
1712,4.0
1713,4.0
1714,3.0
1715,4.0
1716,3.0
1717,3.0
1718,6.0
1719,5.0
1720,5.0
1721,3.0
1722,7.0
1723,4.0
1724,6.0
1725,8.0
1726,3.0
1727,4.0
1728,4.0
1729,2.0
1730,7.0
1731,6.0
1732,9.0
1733,4.0
1734,5.0
1735,6.0
1736,4.0
1737,5.0
1738,5.0
1739,4.0
1740,7.0
1741,5.0
1742,3.0
1743,6.0
1744,3.0
1745,6.0
1746,5.0
1747,8.0
1748,7.0
1749,2.0
1750,4.0
1751,4.0
1752,6.0
1753,2.0
1754,4.0
1755,5.0
1756,4.0
1757,2.0
1758,5.0
1759,4.0
1760,3.0
1761,3.0
1762,6.0
1763,3.0
1764,1.0
1765,3.0
1766,4.0
1767,8.0
1768,3.0
1769,6.0
1770,3.0
1771,5.0
1772,8.0
1773,5.0
1774,5.0
1775,2.0
1776,5.0
1777,6.0
1778,6.0
1779,6.0
1780,3.0
1781,8.0
1782,8.0
1783,4.0
1784,4.0
1785,6.0
1786,4.0
1787,7.0
1788,2.0
1789,5.0
1790,3.0
1791,2.0
1792,4.0
1793,4.0
1794,9.0
1795,2.0
1796,9.0
1797,6.0
1798,4.0
1799,6.0
1800,3.0
1801,5.0
1802,3.0
1803,4.0
1804,5.0
1805,4.0
1806,7.0
1807,8.0
1808,8.0
1809,8.0
1810,2.0
1811,5.0
1812,4.0
1813,7.0
1814,4.0
1815,4.0
1816,3.0
1817,2.0
1818,5.0
1819,7.0
1820,5.0
1821,9.0
1822,6.0
1823,1.0
1824,4.0
1825,5.0
1826,6.0
1827,1.0
1828,5.0
1829,3.0
1830,4.0
1831,4.0
1832,5.0
1833,3.0
1834,6.0
1835,5.0
1836,5.0
1837,2.0
1838,6.0
1839,4.0
1840,5.0
1841,8.0
1842,7.0
1843,2.0
1844,8.0
1845,1.0
1846,5.0
1847,4.0
1848,6.0
1849,4.0
1850,2.0
1851,5.0
1852,3.0
1853,0.0
1854,8.0
1855,4.0
1856,5.0
1857,4.0
1858,1.0
1859,5.0
1860,3.0
1861,2.0
1862,3.0
1863,5.0
1864,3.0
1865,6.0
1866,5.0
1867,7.0
1868,6.0
1869,4.0
1870,4.0
1871,7.0
1872,3.0
1873,1.0
1874,7.0
1875,2.0
1876,8.0
1877,4.0
1878,5.0
1879,6.0
1880,6.0
1881,5.0
1882,1.0
1883,8.0
1884,3.0
1885,6.0
1886,1.0
1887,3.0
1888,7.0
1889,7.0
1890,3.0
1891,1.0
1892,7.0
1893,1.0
1894,3.0
1895,3.0
1896,3.0
1897,3.0
1898,4.0
1899,7.0
1900,8.0
1901,7.0
1902,9.0
1903,9.0
1904,7.0
1905,6.0
1906,4.0
1907,4.0
1908,3.0
1909,3.0
1910,5.0
1911,2.0
1912,2.0
1913,1.0
1914,5.0
1915,6.0
1916,2.0
1917,6.0
1918,3.0
1919,3.0
1920,6.0
1921,8.0
1922,8.0
1923,5.0
1924,4.0
1925,6.0
1926,2.0
1927,3.0
1928,3.0
1929,3.0
1930,3.0
1931,1.0
1932,8.0
1933,4.0
1934,4.0
1935,1.0
1936,3.0
1937,6.0
1938,7.0
1939,8.0
1940,1.0
1941,5.0
1942,3.0
1943,2.0
1944,5.0
1945,5.0
1946,7.0
1947,5.0
1948,6.0
1949,4.0
1950,5.0
1951,9.0
1952,2.0
1953,2.0
1954,5.0
1955,3.0
1956,3.0
1957,5.0
1958,5.0
1959,7.0
1960,3.0
1961,3.0
1962,4.0
1963,4.0
1964,9.0
1965,6.0
1966,2.0
1967,1.0
1968,5.0
1969,4.0
1970,1.0
1971,2.0
1972,4.0
1973,9.0
1974,6.0
1975,5.0
1976,2.0
1977,9.0
1978,2.0
1979,5.0
1980,4.0
1981,2.0
1982,3.0
1983,1.0
1984,5.0
1985,5.0
1986,5.0
1987,4.0
1988,9.0
1989,9.0
1990,7.0
1991,4.0
1992,5.0
1993,4.0
1994,2.0
1995,4.0
1996,1.0
1997,2.0
1998,3.0
1999,3.0
2000,5.0
2001,4.0
2002,5.0
2003,3.0
2004,2.0
2005,8.0
2006,6.0
2007,6.0
2008,7.0
2009,3.0
2010,2.0
2011,6.0
2012,6.0
2013,3.0
2014,2.0
2015,2.0
2016,4.0
2017,8.0
2018,2.0
2019,1.0
2020,3.0
2021,3.0
2022,1.0
2023,5.0
2024,3.0
2025,5.0
2026,6.0
2027,3.0
2028,5.0
2029,6.0
2030,3.0
2031,3.0
2032,9.0
2033,6.0
2034,5.0
2035,4.0
2036,2.0
2037,2.0
2038,4.0
2039,4.0
2040,1.0
2041,5.0
2042,6.0
2043,1.0
2044,7.0
2045,3.0
2046,6.0
2047,7.0
2048,4.0
2049,4.0
2050,9.0
2051,4.0
2052,4.0
2053,1.0
2054,3.0
2055,5.0
2056,6.0
2057,6.0
2058,5.0
2059,3.0
2060,5.0
2061,4.0
2062,2.0
2063,3.0
2064,9.0
2065,2.0
2066,6.0
2067,4.0
2068,5.0
2069,6.0
2070,10.0
2071,9.0
2072,1.0
2073,3.0
2074,4.0
2075,1.0
2076,4.0
2077,2.0
2078,2.0
2079,5.0
2080,2.0
2081,4.0
2082,4.0
2083,6.0
2084,5.0
2085,2.0
2086,7.0
2087,4.0
2088,2.0
2089,2.0
2090,5.0
2091,5.0
2092,6.0
2093,1.0
2094,5.0
2095,4.0
2096,5.0
2097,4.0
2098,2.0
2099,3.0
2100,3.0
2101,1.0
2102,6.0
2103,6.0
2104,1.0
2105,6.0
2106,5.0
2107,3.0
2108,6.0
2109,5.0
2110,4.0
2111,6.0
2112,6.0
2113,4.0
2114,6.0
2115,3.0
2116,4.0
2117,4.0
2118,2.0
2119,3.0
2120,3.0
2121,0.0
2122,5.0
2123,3.0
2124,4.0
2125,5.0
2126,5.0
2127,5.0
2128,8.0
2129,3.0
2130,4.0
2131,6.0
2132,1.0
2133,4.0
2134,3.0
2135,4.0
2136,4.0
2137,2.0
2138,3.0
2139,5.0
2140,1.0
2141,5.0
2142,5.0
2143,4.0
2144,2.0
2145,4.0
2146,4.0
2147,7.0
2148,2.0
2149,3.0
2150,5.0
2151,9.0
2152,6.0
2153,9.0
2154,5.0
2155,2.0
2156,9.0
2157,7.0
2158,5.0
2159,1.0
2160,5.0
2161,6.0
2162,4.0
2163,4.0
2164,4.0
2165,4.0
2166,4.0
2167,6.0
2168,4.0
2169,8.0
2170,2.0
2171,3.0
2172,5.0
2173,3.0
2174,5.0
2175,8.0
2176,1.0
2177,4.0
2178,1.0
2179,6.0
2180,2.0
2181,5.0
2182,4.0
2183,4.0
2184,3.0
2185,4.0
2186,2.0
2187,5.0
2188,5.0
2189,4.0
2190,2.0
2191,5.0
2192,4.0
2193,2.0
2194,3.0
2195,5.0
2196,3.0
2197,4.0
2198,4.0
2199,5.0
2200,6.0
2201,4.0
2202,6.0
2203,2.0
2204,4.0
2205,1.0
2206,1.0
2207,2.0
2208,3.0
2209,5.0
2210,5.0
2211,3.0
2212,4.0
2213,5.0
2214,3.0
2215,5.0
2216,6.0
2217,6.0
2218,7.0
2219,5.0
2220,2.0
2221,6.0
2222,5.0
2223,7.0
2224,4.0
2225,6.0
2226,5.0
2227,6.0
2228,1.0
2229,7.0
2230,1.0
2231,5.0
2232,3.0
2233,1.0
2234,4.0
2235,3.0
2236,1.0
2237,3.0
2238,9.0
2239,4.0
2240,3.0
2241,5.0
2242,6.0
2243,2.0
2244,5.0
2245,9.0
2246,7.0
2247,6.0
2248,2.0
2249,3.0
2250,3.0
2251,2.0
2252,5.0
2253,2.0
2254,4.0
2255,4.0
2256,1.0
2257,3.0
2258,1.0
2259,3.0
2260,2.0
2261,2.0
2262,3.0
2263,3.0
2264,2.0
2265,2.0
2266,4.0
2267,4.0
2268,7.0
2269,4.0
2270,1.0
2271,8.0
2272,6.0
2273,1.0
2274,5.0
2275,3.0
2276,1.0
2277,4.0
2278,5.0
2279,4.0
2280,7.0
2281,2.0
2282,4.0
2283,4.0
2284,4.0
2285,4.0
2286,4.0
2287,4.0
2288,4.0
2289,5.0
2290,4.0
2291,2.0
2292,4.0
2293,8.0
2294,7.0
2295,9.0
2296,2.0
2297,5.0
2298,3.0
2299,3.0
2300,4.0
2301,5.0
2302,3.0
2303,6.0
2304,6.0
2305,4.0
2306,1.0
2307,4.0
2308,5.0
2309,3.0
2310,5.0
2311,4.0
2312,4.0
2313,5.0
2314,9.0
2315,5.0
2316,5.0
2317,4.0
2318,7.0
2319,2.0
2320,1.0
2321,5.0
2322,4.0
2323,7.0
2324,2.0
2325,6.0
2326,4.0
2327,6.0
2328,6.0
2329,3.0
2330,9.0
2331,7.0
2332,6.0
2333,9.0
2334,1.0
2335,3.0
2336,4.0
2337,1.0
2338,1.0
2339,7.0
2340,0.0
2341,1.0
2342,1.0
2343,4.0
2344,2.0
2345,-0.0
2346,7.0
2347,3.0
2348,5.0
2349,4.0
2350,4.0
2351,8.0
2352,6.0
2353,6.0
2354,3.0
2355,9.0
2356,4.0
2357,3.0
2358,6.0
2359,4.0
2360,3.0
2361,9.0
2362,4.0
2363,4.0
2364,4.0
2365,8.0
2366,7.0
2367,6.0
2368,6.0
2369,4.0
2370,5.0
2371,4.0
2372,3.0
2373,5.0
2374,5.0
2375,4.0
2376,5.0
2377,3.0
2378,8.0
2379,3.0
2380,2.0
2381,8.0
2382,2.0
2383,4.0
2384,3.0
2385,2.0
2386,3.0
2387,8.0
2388,4.0
2389,6.0
2390,7.0
2391,2.0
2392,4.0
2393,4.0
2394,7.0
2395,2.0
2396,3.0
2397,3.0
2398,6.0
2399,5.0
2400,3.0
2401,5.0
2402,5.0
2403,6.0
2404,5.0
2405,4.0
2406,3.0
2407,4.0
2408,3.0
2409,8.0
2410,4.0
2411,2.0
2412,7.0
2413,5.0
2414,6.0
2415,4.0
2416,3.0
2417,5.0
2418,2.0
2419,7.0
2420,5.0
2421,6.0
2422,2.0
2423,2.0
2424,5.0
2425,6.0
2426,2.0
2427,1.0
2428,4.0
2429,4.0
2430,5.0
2431,3.0
2432,8.0
2433,5.0
2434,5.0
2435,4.0
2436,3.0
2437,3.0
2438,5.0
2439,5.0
2440,2.0
2441,5.0
2442,3.0
2443,4.0
2444,3.0
2445,5.0
2446,5.0
2447,2.0
2448,1.0
2449,2.0
2450,2.0
2451,6.0
2452,3.0
2453,2.0
2454,3.0
2455,4.0
2456,6.0
2457,8.0
2458,1.0
2459,5.0
2460,5.0
2461,2.0
2462,3.0
2463,4.0
2464,5.0
2465,7.0
2466,2.0
2467,4.0
2468,7.0
2469,2.0
2470,4.0
2471,2.0
2472,3.0
2473,7.0
2474,7.0
2475,6.0
2476,8.0
2477,2.0
2478,3.0
2479,1.0
2480,6.0
2481,1.0
2482,8.0
2483,2.0
2484,4.0
2485,5.0
2486,2.0
2487,6.0
2488,2.0
2489,5.0
2490,5.0
2491,4.0
2492,2.0
2493,6.0
2494,5.0
2495,5.0
2496,2.0
2497,4.0
2498,2.0
2499,6.0
2500,2.0
2501,4.0
2502,4.0
2503,3.0
2504,5.0
2505,4.0
2506,8.0
2507,5.0
2508,4.0
2509,8.0
2510,4.0
2511,5.0
2512,8.0
2513,4.0
2514,4.0
2515,2.0
2516,6.0
2517,4.0
2518,6.0
2519,5.0
2520,10.0
2521,3.0
2522,3.0
2523,5.0
2524,4.0
2525,5.0
2526,3.0
2527,6.0
2528,3.0
2529,5.0
2530,8.0
2531,2.0
2532,4.0
2533,1.0
2534,4.0
2535,5.0
2536,2.0
2537,5.0
2538,6.0
2539,3.0
2540,4.0
2541,3.0
2542,3.0
2543,2.0
2544,2.0
2545,5.0
2546,2.0
2547,6.0
2548,3.0
2549,5.0
2550,6.0
2551,5.0
2552,5.0
2553,4.0
2554,5.0
2555,3.0
2556,2.0
2557,4.0
2558,6.0
2559,10.0
2560,6.0
2561,4.0
2562,0.0
2563,6.0
2564,4.0
2565,7.0
2566,2.0
2567,2.0
2568,2.0
2569,5.0
2570,4.0
2571,2.0
2572,5.0
2573,2.0
2574,4.0
2575,3.0
2576,5.0
2577,4.0
2578,5.0
2579,3.0
2580,3.0
2581,3.0
2582,5.0
2583,5.0
2584,4.0
2585,1.0
2586,6.0
2587,4.0
2588,5.0
2589,2.0
2590,4.0
2591,6.0
2592,4.0
2593,8.0
2594,6.0
2595,4.0
2596,6.0
2597,3.0
2598,4.0
2599,3.0
2600,2.0
2601,10.0
2602,7.0
2603,3.0
2604,5.0
2605,2.0
2606,2.0
2607,5.0
2608,3.0
2609,2.0
2610,3.0
2611,6.0
2612,2.0
2613,4.0
2614,8.0
2615,8.0
2616,4.0
2617,5.0
2618,1.0
2619,5.0
2620,4.0
2621,3.0
2622,5.0
2623,9.0
2624,6.0
2625,4.0
2626,3.0
2627,4.0
2628,5.0
2629,3.0
2630,2.0
2631,4.0
2632,6.0
2633,3.0
2634,6.0
2635,3.0
2636,7.0
2637,3.0
2638,3.0
2639,4.0
2640,4.0
2641,8.0
2642,1.0
2643,1.0
2644,4.0
2645,3.0
2646,10.0
2647,2.0
2648,4.0
2649,4.0
2650,6.0
2651,5.0
2652,8.0
2653,4.0
2654,2.0
2655,7.0
2656,1.0
2657,4.0
2658,7.0
2659,4.0
2660,3.0
2661,2.0
2662,4.0
2663,5.0
2664,5.0
2665,3.0
2666,4.0
2667,3.0
2668,4.0
2669,9.0
2670,7.0
2671,6.0
2672,3.0
2673,6.0
2674,4.0
2675,3.0
2676,4.0
2677,5.0
2678,4.0
2679,3.0
2680,3.0
2681,2.0
2682,7.0
2683,4.0
2684,6.0
2685,4.0
2686,4.0
2687,5.0
2688,6.0
2689,8.0
2690,1.0
2691,2.0
2692,5.0
2693,6.0
2694,4.0
2695,7.0
2696,8.0
2697,7.0
2698,5.0
2699,5.0
2700,2.0
2701,3.0
2702,3.0
2703,5.0
2704,4.0
2705,5.0
2706,5.0
2707,5.0
2708,4.0
2709,8.0
2710,4.0
2711,5.0
2712,3.0
2713,2.0
2714,8.0
2715,3.0
2716,5.0
2717,4.0
2718,3.0
2719,4.0
2720,4.0
2721,1.0
2722,4.0
2723,9.0
2724,3.0
2725,5.0
2726,7.0
2727,4.0
2728,2.0
2729,5.0
2730,5.0
2731,2.0
2732,2.0
2733,5.0
2734,3.0
2735,8.0
2736,5.0
2737,3.0
2738,5.0
2739,9.0
2740,7.0
2741,5.0
2742,5.0
2743,9.0
2744,6.0
2745,4.0
2746,5.0
2747,8.0
2748,3.0
2749,5.0
2750,5.0
2751,4.0
2752,5.0
2753,5.0
2754,2.0
2755,8.0
2756,3.0
2757,3.0
2758,1.0
2759,6.0
2760,4.0
2761,6.0
2762,8.0
2763,6.0
2764,7.0
2765,9.0
2766,3.0
2767,8.0
2768,7.0
2769,5.0
2770,4.0
2771,9.0
2772,3.0
2773,7.0
2774,3.0
2775,7.0
2776,3.0
2777,4.0
2778,6.0
2779,5.0
2780,5.0
2781,1.0
2782,1.0
2783,6.0
2784,4.0
2785,5.0
2786,7.0
2787,4.0
2788,3.0
2789,7.0
2790,4.0
2791,8.0
2792,5.0
2793,4.0
2794,8.0
2795,4.0
2796,4.0
2797,4.0
2798,5.0
2799,8.0
2800,5.0
2801,2.0
2802,3.0
2803,5.0
2804,6.0
2805,6.0
2806,2.0
2807,4.0
2808,7.0
2809,4.0
2810,1.0
2811,8.0
2812,3.0
2813,3.0
2814,3.0
2815,6.0
2816,6.0
2817,4.0
2818,4.0
2819,9.0
2820,9.0
2821,8.0
2822,4.0
2823,6.0
2824,3.0
2825,8.0
2826,8.0
2827,2.0
2828,6.0
2829,5.0
2830,4.0
2831,4.0
2832,2.0
2833,3.0
2834,4.0
2835,4.0
2836,4.0
2837,6.0
2838,6.0
2839,2.0
2840,6.0
2841,3.0
2842,1.0
2843,8.0
2844,2.0
2845,6.0
2846,6.0
2847,5.0
2848,6.0
2849,4.0
2850,4.0
2851,6.0
2852,4.0
2853,1.0
2854,3.0
2855,1.0
2856,4.0
2857,3.0
2858,6.0
2859,1.0
2860,7.0
2861,4.0
2862,5.0
2863,5.0
2864,1.0
2865,6.0
2866,2.0
2867,2.0
2868,3.0
2869,6.0
2870,5.0
2871,4.0
2872,6.0
2873,8.0
2874,4.0
2875,5.0
2876,4.0
2877,1.0
2878,5.0
2879,4.0
2880,7.0
2881,5.0
2882,6.0
2883,2.0
2884,8.0
2885,4.0
2886,5.0
2887,5.0
2888,5.0
2889,6.0
2890,4.0
2891,6.0
2892,3.0
2893,1.0
2894,4.0
2895,3.0
2896,4.0
2897,5.0
2898,4.0
2899,3.0
2900,2.0
2901,3.0
2902,3.0
2903,5.0
2904,4.0
2905,8.0
2906,5.0
2907,5.0
2908,5.0
2909,7.0
2910,6.0
2911,3.0
2912,3.0
2913,4.0
2914,4.0
2915,8.0
2916,9.0
2917,7.0
2918,3.0
2919,3.0
2920,3.0
2921,3.0
2922,4.0
2923,1.0
2924,9.0
2925,4.0
2926,5.0
2927,5.0
2928,5.0
2929,6.0
2930,3.0
2931,6.0
2932,2.0
2933,3.0
2934,2.0
2935,9.0
2936,5.0
2937,4.0
2938,5.0
2939,6.0
2940,6.0
2941,4.0
2942,3.0
2943,4.0
2944,2.0
2945,6.0
2946,2.0
2947,2.0
2948,4.0
2949,4.0
2950,6.0
2951,3.0
2952,1.0
2953,4.0
2954,3.0
2955,2.0
2956,6.0
2957,4.0
2958,2.0
2959,2.0
2960,6.0
2961,4.0
2962,3.0
2963,1.0
2964,7.0
2965,5.0
2966,2.0
2967,3.0
2968,3.0
2969,3.0
2970,5.0
2971,4.0
2972,8.0
2973,4.0
2974,2.0
2975,5.0
2976,6.0
2977,3.0
2978,2.0
2979,10.0
2980,5.0
2981,3.0
2982,9.0
2983,1.0
2984,6.0
2985,2.0
2986,2.0
2987,4.0
2988,5.0
2989,3.0
2990,6.0
2991,4.0
2992,7.0
2993,4.0
2994,8.0
2995,7.0
2996,3.0
2997,7.0
2998,6.0
2999,3.0
3000,6.0
3001,5.0
3002,5.0
3003,1.0
3004,4.0
3005,3.0
3006,3.0
3007,4.0
3008,2.0
3009,4.0
3010,7.0
3011,4.0
3012,4.0
3013,4.0
3014,9.0
3015,2.0
3016,3.0
3017,2.0
3018,6.0
3019,6.0
3020,6.0
3021,3.0
3022,5.0
3023,5.0
3024,6.0
3025,5.0
3026,5.0
3027,4.0
3028,4.0
3029,6.0
3030,5.0
3031,4.0
3032,3.0
3033,4.0
3034,6.0
3035,5.0
3036,2.0
3037,5.0
3038,5.0
3039,2.0
3040,8.0
3041,4.0
3042,3.0
3043,7.0
3044,5.0
3045,7.0
3046,5.0
3047,2.0
3048,5.0
3049,3.0
3050,1.0
3051,3.0
3052,1.0
3053,2.0
3054,2.0
3055,6.0
3056,5.0
3057,3.0
3058,6.0
3059,7.0
3060,1.0
3061,6.0
3062,4.0
3063,3.0
3064,6.0
3065,4.0
3066,6.0
3067,3.0
3068,1.0
3069,2.0
3070,4.0
3071,2.0
3072,9.0
3073,4.0
3074,6.0
3075,3.0
3076,5.0
3077,4.0
3078,2.0
3079,6.0
3080,3.0
3081,3.0
3082,3.0
3083,3.0
3084,2.0
3085,2.0
3086,4.0
3087,3.0
3088,2.0
3089,6.0
3090,7.0
3091,3.0
3092,3.0
3093,4.0
3094,2.0
3095,4.0
3096,5.0
3097,6.0
3098,8.0
3099,3.0
3100,2.0
3101,2.0
3102,8.0
3103,5.0
3104,4.0
3105,3.0
3106,6.0
3107,8.0
3108,8.0
3109,3.0
3110,6.0
3111,5.0
3112,3.0
3113,5.0
3114,2.0
3115,9.0
3116,8.0
3117,3.0
3118,5.0
3119,4.0
3120,2.0
3121,4.0
3122,4.0
3123,2.0
3124,4.0
3125,4.0
3126,5.0
3127,6.0
3128,7.0
3129,5.0
3130,3.0
3131,1.0
3132,4.0
3133,5.0
3134,4.0
3135,5.0
3136,4.0
3137,1.0
3138,4.0
3139,3.0
3140,4.0
3141,2.0
3142,6.0
3143,8.0
3144,4.0
3145,5.0
3146,5.0
3147,4.0
3148,1.0
3149,7.0
3150,2.0
3151,3.0
3152,5.0
3153,5.0
3154,2.0
3155,4.0
3156,8.0
3157,4.0
3158,3.0
3159,7.0
3160,5.0
3161,2.0
3162,1.0
3163,4.0
3164,4.0
3165,5.0
3166,4.0
3167,6.0
3168,9.0
3169,1.0
3170,7.0
3171,6.0
3172,8.0
3173,5.0
3174,3.0
3175,5.0
3176,6.0
3177,1.0
3178,4.0
3179,1.0
3180,2.0
3181,4.0
3182,5.0
3183,5.0
3184,0.0
3185,4.0
3186,1.0
3187,3.0
3188,5.0
3189,6.0
3190,6.0
3191,7.0
3192,3.0
3193,1.0
3194,4.0
3195,2.0
3196,3.0
3197,3.0
3198,2.0
3199,6.0
3200,3.0
3201,3.0
3202,5.0
3203,3.0
3204,8.0
3205,6.0
3206,6.0
3207,2.0
3208,2.0
3209,6.0
3210,6.0
3211,2.0
3212,6.0
3213,9.0
3214,5.0
3215,6.0
3216,5.0
3217,9.0
3218,1.0
3219,5.0
3220,3.0
3221,5.0
3222,5.0
3223,2.0
3224,7.0
3225,4.0
3226,9.0
3227,6.0
3228,7.0
3229,3.0
3230,5.0
3231,3.0
3232,2.0
3233,4.0
3234,2.0
3235,5.0
3236,1.0
3237,2.0
3238,3.0
3239,5.0
3240,4.0
3241,5.0
3242,7.0
3243,3.0
3244,3.0
3245,1.0
3246,1.0
3247,3.0
3248,6.0
3249,1.0
3250,4.0
3251,6.0
3252,5.0
3253,6.0
3254,2.0
3255,5.0
3256,1.0
3257,3.0
3258,4.0
3259,8.0
3260,6.0
3261,4.0
3262,4.0
3263,2.0
3264,1.0
3265,5.0
3266,5.0
3267,5.0
3268,6.0
3269,4.0
3270,3.0
3271,6.0
3272,2.0
3273,3.0
3274,3.0
3275,9.0
3276,2.0
3277,1.0
3278,4.0
3279,6.0
3280,6.0
3281,6.0
3282,3.0
3283,4.0
3284,4.0
3285,8.0
3286,6.0
3287,8.0
3288,5.0
3289,2.0
3290,5.0
3291,6.0
3292,3.0
3293,5.0
3294,5.0
3295,5.0
3296,6.0
3297,5.0
3298,4.0
3299,4.0
3300,5.0
3301,4.0
3302,4.0
3303,5.0
3304,7.0
3305,7.0
3306,7.0
3307,2.0
3308,1.0
3309,4.0
3310,3.0
3311,4.0
3312,3.0
3313,3.0
3314,4.0
3315,4.0
3316,4.0
3317,1.0
3318,4.0
3319,2.0
3320,4.0
3321,4.0
3322,2.0
3323,3.0
3324,2.0
3325,2.0
3326,6.0
3327,8.0
3328,5.0
3329,5.0
3330,3.0
3331,5.0
3332,3.0
3333,6.0
3334,4.0
3335,2.0
3336,2.0
3337,1.0
3338,3.0
3339,7.0
3340,3.0
3341,3.0
3342,9.0
3343,5.0
3344,4.0
3345,2.0
3346,4.0
3347,8.0
3348,4.0
3349,4.0
3350,3.0
3351,1.0
3352,6.0
3353,3.0
3354,4.0
3355,6.0
3356,2.0
3357,7.0
3358,8.0
3359,3.0
3360,9.0
3361,1.0
3362,3.0
3363,4.0
3364,2.0
3365,9.0
3366,2.0
3367,3.0
3368,3.0
3369,8.0
3370,6.0
3371,3.0
3372,5.0
3373,6.0
3374,6.0
3375,1.0
3376,3.0
3377,5.0
3378,4.0
3379,5.0
3380,3.0
3381,4.0
3382,9.0
3383,5.0
3384,2.0
3385,2.0
3386,4.0
3387,6.0
3388,5.0
3389,3.0
3390,7.0
3391,7.0
3392,6.0
3393,4.0
3394,3.0
3395,6.0
3396,8.0
3397,4.0
3398,7.0
3399,2.0
3400,6.0
3401,5.0
3402,9.0
3403,9.0
3404,3.0
3405,9.0
3406,5.0
3407,4.0
3408,5.0
3409,8.0
3410,5.0
3411,4.0
3412,3.0
3413,4.0
3414,4.0
3415,10.0
3416,4.0
3417,4.0
3418,4.0
3419,4.0
3420,1.0
3421,3.0
3422,4.0
3423,4.0
3424,4.0
3425,4.0
3426,3.0
3427,1.0
3428,7.0
3429,2.0
3430,4.0
3431,6.0
3432,5.0
3433,7.0
3434,2.0
3435,3.0
3436,4.0
3437,5.0
3438,7.0
3439,5.0
3440,4.0
3441,5.0
3442,1.0
3443,3.0
3444,2.0
3445,9.0
3446,4.0
3447,4.0
3448,8.0
3449,4.0
3450,4.0
3451,5.0
3452,10.0
3453,2.0
3454,3.0
3455,5.0
3456,1.0
3457,2.0
3458,5.0
3459,6.0
3460,4.0
3461,8.0
3462,7.0
3463,4.0
3464,4.0
3465,7.0
3466,10.0
3467,3.0
3468,5.0
3469,6.0
3470,5.0
3471,6.0
3472,4.0
3473,6.0
3474,6.0
3475,3.0
3476,3.0
3477,3.0
3478,5.0
3479,1.0
3480,7.0
3481,2.0
3482,5.0
3483,5.0
3484,0.0
3485,5.0
3486,1.0
3487,5.0
3488,4.0
3489,5.0
3490,4.0
3491,5.0
3492,1.0
3493,2.0
3494,2.0
3495,5.0
3496,6.0
3497,9.0
3498,6.0
3499,3.0
3500,5.0
3501,2.0
3502,4.0
3503,8.0
3504,5.0
3505,3.0
3506,6.0
3507,5.0
3508,5.0
3509,3.0
3510,8.0
3511,4.0
3512,4.0
3513,4.0
3514,4.0
3515,6.0
3516,4.0
3517,5.0
3518,2.0
3519,5.0
3520,5.0
3521,6.0
3522,2.0
3523,4.0
3524,4.0
3525,2.0
3526,5.0
3527,1.0
3528,2.0
3529,7.0
3530,6.0
3531,4.0
3532,1.0
3533,5.0
3534,6.0
3535,3.0
3536,2.0
3537,7.0
3538,4.0
3539,6.0
3540,2.0
3541,3.0
3542,4.0
3543,8.0
3544,6.0
3545,5.0
3546,2.0
3547,3.0
3548,4.0
3549,6.0
3550,5.0
3551,4.0
3552,2.0
3553,4.0
3554,4.0
3555,5.0
3556,2.0
3557,4.0
3558,8.0
3559,3.0
3560,3.0
3561,3.0
3562,1.0
3563,3.0
3564,6.0
3565,5.0
3566,5.0
3567,2.0
3568,4.0
3569,1.0
3570,2.0
3571,2.0
3572,2.0
3573,4.0
3574,7.0
3575,4.0
3576,3.0
3577,5.0
3578,3.0
3579,5.0
3580,2.0
3581,1.0
3582,6.0
3583,5.0
3584,3.0
3585,2.0
3586,8.0
3587,4.0
3588,8.0
3589,7.0
3590,6.0
3591,2.0
3592,3.0
3593,6.0
3594,4.0
3595,8.0
3596,4.0
3597,0.0
3598,4.0
3599,3.0
3600,3.0
3601,2.0
3602,5.0
3603,3.0
3604,7.0
3605,3.0
3606,8.0
3607,2.0
3608,5.0
3609,5.0
3610,4.0
3611,6.0
3612,4.0
3613,4.0
3614,2.0
3615,3.0
3616,4.0
3617,1.0
3618,5.0
3619,3.0
3620,9.0
3621,8.0
3622,4.0
3623,4.0
3624,2.0
3625,3.0
3626,5.0
3627,9.0
3628,6.0
3629,5.0
3630,4.0
3631,5.0
3632,4.0
3633,5.0
3634,4.0
3635,5.0
3636,4.0
3637,4.0
3638,3.0
